"word","n"
"the",1945
"to",1163
"a",1058
"is",872
"of",782
"in",703
"i",629
"that",589
"and",541
"it",529
"you",478
"for",382
"this",376
"or",345
"as",311
"but",305
"with",295
"be",293
"not",286
"are",249
"if",201
"sic",193
"from",190
"an",188
"was",183
"would",171
"have",168
"on",166
"by",155
"so",139
"which",130
"used",128
"what",128
"your",127
"more",126
"there",125
"use",125
"at",124
"it's",124
"word",122
"when",121
"has",118
"one",117
"me",112
"can",108
"like",106
"my",105
"no",101
"they",99
"also",97
"english",96
"say",92
"about",89
"answer",86
"than",86
"think",86
"we",85
"don't",84
"all",83
"same",83
"something",83
"people",79
"sound",79
"some",78
"out",75
"just",73
"question",73
"see",72
"only",71
"you're",71
"any",70
"example",70
"do",69
"other",69
"way",67
"because",66
"run",65
"quote",64
"being",63
"who",62
"could",61
"may",61
"someone",60
"well",60
"too",59
"here",58
"another",57
"dry",57
"i'm",57
"first",56
"good",56
"common",54
"might",54
"write",54
"both",53
"he",53
"person",53
"phrase",53
"term",53
"will",53
"thank",51
"been",50
"want",50
"up",49
"know",48
"meaning",48
"such",48
"even",47
"name",47
"them",47
"work",46
"after",45
"most",45
"often",45
"original",45
"sentence",45
"two",45
"using",45
"why",45
"i've",44
"time",44
"usage",44
"where",44
"how",43
"however",43
"much",43
"until",43
"error",42
"correct",41
"really",41
"till",40
"very",40
"avoid",39
"case",39
"into",39
"letter",39
"should",39
"welcome",39
"were",39
"author",38
"rather",38
"still",38
"suppose",38
"make",37
"never",37
"quoting",37
"saying",37
"there's",37
"though",37
"actually",36
"change",36
"day",36
"had",36
"sense",36
"their",36
"verb",36
"right",35
"then",35
"wonk",35
"his",34
"problem",34
"doesn't",33
"seems",33
"thing",33
"words",33
"context",32
"conversation",32
"different",32
"heard",32
"need",32
"these",32
"get",31
"many",31
"over",31
"yet",31
"does",30
"issue",30
"its",30
"without",30
"gregory",29
"language",29
"said",29
"since",29
"better",28
"definition",28
"find",28
"mean",28
"part",28
"similar",28
"that's",28
"thought",28
"while",28
"wonky",28
"am",27
"go",27
"help",27
"i'd",27
"least",27
"our",27
"quite",27
"situation",27
"sorry",27
"there're",27
"balmy",26
"dictionary",26
"feel",26
"form",26
"now",26
"quotation",26
"s",26
"second",26
"text",26
"understand",26
"wrong",26
"attention",25
"blindness",25
"climate",25
"close",25
"else",25
"examples",25
"isn't",25
"namesake",25
"new",25
"paragraph",25
"pleasure",25
"point",25
"pronounced",25
"quoted",25
"can't",24
"clear",24
"each",24
"either",24
"means",24
"reason",24
"us",24
"usually",24
"writing",24
"every",23
"makes",23
"note",23
"own",23
"sounds",23
"thanks",23
"always",22
"did",22
"exactly",22
"less",22
"noise",22
"old",22
"place",22
"probably",22
"put",22
"related",22
"yes",22
"answers",21
"fact",21
"february",21
"instead",21
"irish",21
"john",21
"practice",21
"pronunciation",21
"subject",21
"those",21
"wont",21
"add",20
"before",20
"called",20
"generally",20
"given",20
"look",20
"reference",20
"sometimes",20
"things",20
"although",19
"doing",19
"french",19
"loud",19
"made",19
"music",19
"op",19
"sure",19
"take",19
"between",18
"comes",18
"expression",18
"fit",18
"fort",18
"having",18
"incorrect",18
"long",18
"looking",18
"quotes",18
"tail",18
"again",17
"april",17
"camouflage",17
"comment",17
"difference",17
"etc",17
"intended",17
"making",17
"maybe",17
"perhaps",17
"policy",17
"response",17
"simply",17
"american",16
"believe",16
"best",16
"call",16
"done",16
"great",16
"hose",16
"idea",16
"masking",16
"named",16
"obvious",16
"off",16
"recording",16
"seen",16
"x",16
"catastrophic",15
"come",15
"consequence",15
"describe",15
"end",15
"enough",15
"especially",15
"felt",15
"fire",15
"forte",15
"found",15
"going",15
"gossip",15
"information",15
"irreversible",15
"mind",15
"single",15
"suspecting",15
"wet",15
"wikipedia",15
"wouldn't",15
"written",15
"above",14
"article",14
"completely",14
"connotation",14
"disguise",14
"errors",14
"lot",14
"non",14
"noun",14
"others",14
"pronounce",14
"reader",14
"speaker",14
"spot",14
"three",14
"understood",14
"actual",13
"adjective",13
"agree",13
"ask",13
"asking",13
"cases",13
"certain",13
"details",13
"didn't",13
"double",13
"feeling",13
"format",13
"hope",13
"idiom",13
"important",13
"likely",13
"mark",13
"missing",13
"mistakes",13
"otherwise",13
"perfectly",13
"rules",13
"self",13
"situations",13
"slang",13
"snow",13
"test",13
"they're",13
"tiger",13
"under",13
"wind",13
"working",13
"according",12
"added",12
"apology",12
"appears",12
"back",12
"beauty",12
"british",12
"bug",12
"code",12
"consider",12
"drop",12
"due",12
"eyes",12
"got",12
"happy",12
"interesting",12
"italian",12
"marks",12
"mentioned",12
"native",12
"option",12
"playing",12
"possible",12
"pretty",12
"provide",12
"real",12
"received",12
"she",12
"short",12
"simple",12
"specific",12
"speech",12
"standard",12
"trying",12
"tunnel",12
"version",12
"works",12
"wrote",12
"you've",12
"almost",11
"around",11
"bad",11
"beginning",11
"commonly",11
"concept",11
"dangerous",11
"date",11
"defined",11
"definitely",11
"document",11
"edit",11
"ever",11
"fatigue",11
"girls",11
"hand",11
"implies",11
"include",11
"line",11
"little",11
"matter",11
"mental",11
"merriam",11
"military",11
"mistake",11
"must",11
"necessary",11
"perfect",11
"persian",11
"please",11
"prefer",11
"read",11
"recte",11
"refer",11
"scotoma",11
"seem",11
"thus",11
"til",11
"times",11
"vision",11
"water",11
"within",11
"along",10
"anyone",10
"anything",10
"bit",10
"blind",10
"bother",10
"comments",10
"confusion",10
"considered",10
"directly",10
"discussion",10
"easily",10
"explanation",10
"fix",10
"formal",10
"general",10
"hard",10
"including",10
"indeed",10
"instance",10
"job",10
"languages",10
"latin",10
"lining",10
"nice",10
"normally",10
"number",10
"older",10
"once",10
"passage",10
"problems",10
"results",10
"says",10
"seeing",10
"speakers",10
"spelled",10
"suggestion",10
"tarnished",10
"tay",10
"through",10
"try",10
"uses",10
"weather",10
"world",10
"able",9
"appear",9
"appropriate",9
"army",9
"arrogant",9
"away",9
"b",9
"based",9
"become",9
"big",9
"busy",9
"cause",9
"certainly",9
"clearly",9
"comfort",9
"dd",9
"described",9
"familiar",9
"far",9
"fiat",9
"focus",9
"give",9
"goes",9
"guess",9
"happiness",9
"hence",9
"https",9
"imply",9
"kind",9
"known",9
"last",9
"later",9
"life",9
"lion",9
"looks",9
"mm",9
"modern",9
"needs",9
"nor",9
"office",9
"oh",9
"omitted",9
"op's",9
"opposite",9
"order",9
"particular",9
"possibly",9
"previous",9
"reading",9
"request",9
"risk",9
"rule",9
"set",9
"several",9
"show",9
"sight",9
"silver",9
"small",9
"spell",9
"state",9
"story",9
"suggest",9
"taking",9
"tell",9
"theory",9
"thinking",9
"unless",9
"we're",9
"webster",9
"whatever",9
"whole",9
"yyyy",9
"alloyed",8
"already",8
"ammunition",8
"asked",8
"baffle",8
"beautiful",8
"becomes",8
"bittersweet",8
"books",8
"came",8
"care",8
"coming",8
"company",8
"computer",8
"convey",8
"course",8
"death",8
"directed",8
"down",8
"drawing",8
"effect",8
"explains",8
"face",8
"fits",8
"flirting",8
"following",8
"forms",8
"front",8
"full",8
"getting",8
"google",8
"hear",8
"him",8
"ice",8
"immediately",8
"imperfection",8
"indicates",8
"informal",8
"multiple",8
"myself",8
"necessarily",8
"negative",8
"ngram",8
"oxford",8
"per",8
"phenomenon",8
"phrases",8
"picture",8
"polite",8
"political",8
"process",8
"questions",8
"recommend",8
"sentences",8
"sidestep",8
"source",8
"stop",8
"support",8
"talking",8
"technical",8
"themselves",8
"tickling",8
"today",8
"trees",8
"wants",8
"whether",8
"widely",8
"year",8
"years",8
"you'd",8
"addition",7
"additional",7
"ambiguous",7
"appreciate",7
"assume",7
"attraction",7
"bring",7
"captain",7
"catch",7
"caused",7
"century",7
"closet",7
"cognitive",7
"cold",7
"compensate",7
"contraction",7
"cover",7
"describes",7
"difficult",7
"disagree",7
"dropping",7
"editor",7
"email",7
"external",7
"famous",7
"few",7
"firemen's",7
"firing",7
"frequently",7
"further",7
"gets",7
"grammar",7
"her",7
"hydrant",7
"i'll",7
"issues",7
"itself",7
"law",7
"lines",7
"linked",7
"logic",7
"matters",7
"message",7
"mine",7
"n",7
"needed",7
"nothing",7
"notice",7
"one's",7
"opinion",7
"opportunity",7
"options",7
"origin",7
"pointed",7
"position",7
"pro",7
"programmers",7
"punctuation",7
"races",7
"referring",7
"required",7
"sadness",7
"saw",7
"sean",7
"service",7
"shawn",7
"sort",7
"sounding",7
"speak",7
"speaking",7
"spelling",7
"spoken",7
"suggested",7
"suggests",7
"terms",7
"took",7
"totally",7
"trouble",7
"true",7
"unclear",7
"unfortunately",7
"white",7
"wonks",7
"writes",7
"you'll",7
"ability",6
"absolutely",6
"acceptable",6
"allow",6
"answered",6
"assumption",6
"audience",6
"audio",6
"bear",6
"becoming",6
"book",6
"cannot",6
"caught",6
"chance",6
"chat",6
"complicated",6
"condition",6
"contest",6
"contexts",6
"critical",6
"deep",6
"disparaging",6
"drafting",6
"draw",6
"driving",6
"dysfunction",6
"element",6
"entirely",6
"equivalent",6
"except",6
"explain",6
"explicitly",6
"express",6
"final",6
"fine",6
"focused",6
"follow",6
"followed",6
"forest",6
"giving",6
"group",6
"here's",6
"implication",6
"indicate",6
"intention",6
"internet",6
"kris",6
"let",6
"letters",6
"lion's",6
"literal",6
"losing",6
"mate",6
"milk",6
"natural",6
"neither",6
"news",6
"obscure",6
"ones",6
"opposed",6
"originally",6
"outside",6
"paradox",6
"parameter",6
"personal",6
"placed",6
"post",6
"pronunciations",6
"proper",6
"purpose",6
"q",6
"quoter",6
"r",6
"readers",6
"reasonable",6
"references",6
"referred",6
"rehearsal",6
"remove",6
"replace",6
"research",6
"rhotic",6
"room",6
"senses",6
"shows",6
"signal",6
"skating",6
"software",6
"solace",6
"somewhat",6
"specifically",6
"square",6
"start",6
"street",6
"strong",6
"studious",6
"stupid",6
"suppress",6
"tend",6
"told",6
"typically",6
"unable",6
"viewer",6
"voice",6
"wanted",6
"ways",6
"went",6
"wiki",6
"accepted",5
"across",5
"act",5
"ago",5
"alone",5
"alternative",5
"analysis",5
"archaic",5
"aren't",5
"august",5
"author's",5
"aware",5
"block",5
"bracket",5
"c",5
"cambridge",5
"cat",5
"checker",5
"circumbendibus",5
"clarify",5
"closing",5
"computers",5
"daily",5
"danger",5
"deal",5
"deliberately",5
"depends",5
"derived",5
"dialects",5
"difficulty",5
"disaster",5
"dress",5
"effectively",5
"eggcorn",5
"emphasis",5
"etymology",5
"everyone",5
"extended",5
"extremely",5
"fairly",5
"feature",5
"firemen",5
"flaw",5
"fly",5
"fob",5
"footnote",5
"frequency",5
"frequent",5
"fresh",5
"garden",5
"gratitude",5
"half",5
"harvard",5
"hiding",5
"host",5
"ideas",5
"idiomatic",5
"intent",5
"involve",5
"j",5
"jim",5
"joke",5
"ladder",5
"light",5
"link",5
"live",5
"longer",5
"love",5
"mask",5
"mention",5
"merely",5
"metaphorical",5
"metaphorically",5
"month",5
"musical",5
"nested",5
"none",5
"notes",5
"occasion",5
"odd",5
"overlay",5
"page",5
"party",5
"pattern",5
"paul",5
"pay",5
"period",5
"personally",5
"places",5
"plan",5
"positive",5
"possibility",5
"precisely",5
"provided",5
"radio",5
"range",5
"red",5
"relevant",5
"remember",5
"reply",5
"rest",5
"result",5
"sailing",5
"serious",5
"shouldn't",5
"side",5
"sleep",5
"sleeping",5
"slightly",5
"smart",5
"solution",5
"spanish",5
"starts",5
"statement",5
"style",5
"suitable",5
"sun",5
"task",5
"temporary",5
"thankful",5
"therefore",5
"thin",5
"third",5
"title",5
"tone",5
"transcription",5
"uk",5
"unambiguous",5
"understanding",5
"unexpected",5
"useful",5
"variant",5
"washington",5
"what's",5
"whom",5
"widespread",5
"won't",5
"workshop",5
"worries",5
"wrap",5
"york",5
"yours",5
"yourself",5
"accept",4
"account",4
"acknowledge",4
"activity",4
"address",4
"advantage",4
"alternatives",4
"anglicised",4
"answering",4
"anyway",4
"apparently",4
"appeared",4
"apr",4
"assistance",4
"assumed",4
"backward",4
"became",4
"began",4
"behavior",4
"blessing",4
"borrowed",4
"boss",4
"brackets",4
"break",4
"burdensome",4
"check",4
"clinton",4
"cloud",4
"clue",4
"complete",4
"confusing",4
"connection",4
"consistent",4
"control",4
"conversational",4
"correction",4
"correctly",4
"coupling",4
"create",4
"d",4
"democrat",4
"describing",4
"detail",4
"dialogue",4
"dictionaries",4
"dimension",4
"direct",4
"distance",4
"distracting",4
"doubt",4
"dragon",4
"drill",4
"drowned",4
"during",4
"dutch",4
"e",4
"earlier",4
"editorial",4
"editors",4
"embedded",4
"emphasize",4
"entry",4
"erosion",4
"evade",4
"evasive",4
"event",4
"evidence",4
"exact",4
"exception",4
"exist",4
"expect",4
"experienced",4
"explanatory",4
"expressions",4
"false",4
"feet",4
"fiction",4
"figure",4
"finding",4
"fixes",4
"follows",4
"foreign",4
"future",4
"geek",4
"generator",4
"george",4
"gives",4
"glad",4
"gone",4
"guilty",4
"happen",4
"happened",4
"happening",4
"happens",4
"hearing",4
"hey",4
"higher",4
"hold",4
"homophone",4
"hours",4
"http",4
"impossible",4
"inattention",4
"includes",4
"incorrectly",4
"influence",4
"instances",4
"involved",4
"ipa",4
"james",4
"jamming",4
"juice",4
"kazhvan",4
"knowledge",4
"knows",4
"lack",4
"large",4
"late",4
"latter",4
"learned",4
"leave",4
"limited",4
"linguistics",4
"listener",4
"literally",4
"litter",4
"lost",4
"louis",4
"main",4
"meant",4
"medical",4
"men",4
"merged",4
"mess",4
"mislead",4
"miss",4
"muffled",4
"muffling",4
"namealike",4
"near",4
"nearest",4
"next",4
"nobody",4
"nonsense",4
"notation",4
"noted",4
"nuclear",4
"object",4
"objects",4
"observation",4
"occur",4
"occurs",4
"oed",4
"offending",4
"olean",4
"online",4
"opening",4
"organization",4
"p",4
"pair",4
"paper",4
"paragraphs",4
"parameters",4
"particularly",4
"past",4
"pat",4
"paying",4
"perspective",4
"physical",4
"piece",4
"play",4
"points",4
"poke",4
"poking",4
"popular",4
"present",4
"prevent",4
"principles",4
"programming",4
"pronoun",4
"proof",4
"properly",4
"proverb",4
"proverbs",4
"provides",4
"random",4
"rapidly",4
"rare",4
"re",4
"reasons",4
"regarding",4
"rent",4
"reported",4
"respect",4
"roughly",4
"running",4
"sad",4
"scenario",4
"search",4
"sentiment",4
"showing",4
"similarly",4
"site",4
"slotin",4
"smug",4
"social",4
"someone's",4
"sources",4
"speed",4
"states",4
"strange",4
"stronger",4
"study",4
"suffering",4
"suppressor",4
"system",4
"talk",4
"technically",4
"together",4
"trial",4
"trivial",4
"ulster",4
"uncertain",4
"underlying",4
"university",4
"unstable",4
"urban",4
"volume",4
"vulnerable",4
"waves",4
"whenever",4
"wish",4
"wonkism",4
"wow",4
"accent",3
"actions",3
"active",3
"adding",3
"age",3
"aim",3
"ain't",3
"amish",3
"anymore",3
"apologies",3
"apologizing",3
"appease",3
"applicable",3
"applied",3
"applies",3
"approach",3
"area",3
"arrogance",3
"aspect",3
"assembly",3
"attack",3
"attributed",3
"authoritative",3
"awaiting",3
"awkward",3
"background",3
"basic",3
"basically",3
"battle",3
"belling",3
"benefit",3
"beyond",3
"bill",3
"blah",3
"blue",3
"bottom",3
"bricklayers",3
"bricks",3
"brings",3
"broader",3
"bull",3
"burton",3
"business",3
"cad",3
"calling",3
"camouflaged",3
"canada",3
"capture",3
"careful",3
"carrying",3
"casual",3
"central",3
"changing",3
"characters",3
"choice",3
"citations",3
"citing",3
"clean",3
"clearer",3
"climbing",3
"closer",3
"closest",3
"codes",3
"colleague",3
"comfortable",3
"committed",3
"communicating",3
"compared",3
"competitions",3
"completeness",3
"complex",3
"concerned",3
"confuse",3
"connotes",3
"construct",3
"convenient",3
"convention",3
"counter",3
"countries",3
"court",3
"courting",3
"criticality",3
"current",3
"data",3
"dates",3
"deadline",3
"decide",3
"defines",3
"definitions",3
"delete",3
"deletion",3
"department",3
"description",3
"designed",3
"despite",3
"develop",3
"device",3
"dicing",3
"differentiate",3
"differently",3
"direction",3
"directions",3
"distinction",3
"distractions",3
"dodge",3
"dodging",3
"downvote",3
"draft",3
"ear",3
"ears",3
"easy",3
"edited",3
"edition",3
"educated",3
"edward",3
"election",3
"elements",3
"elision",3
"embarrassment",3
"emotions",3
"engineering",3
"engineers",3
"escape",3
"establish",3
"everything",3
"evocative",3
"excellent",3
"exchange",3
"expected",3
"experience",3
"expertise",3
"exposed",3
"eye",3
"fail",3
"failing",3
"fails",3
"fake",3
"fall",3
"fate",3
"fault",3
"feelings",3
"feels",3
"fellow",3
"fencing",3
"field",3
"finally",3
"fired",3
"flow",3
"folks",3
"foolish",3
"fortunate",3
"forward",3
"free",3
"friend",3
"frustrated",3
"funny",3
"game",3
"gave",3
"geeks",3
"generations",3
"glaze",3
"glib",3
"gloss",3
"goodness",3
"grammatical",3
"greater",3
"gregory's",3
"guest",3
"h",3
"ha",3
"hands",3
"hardly",3
"harm",3
"haven't",3
"headphones",3
"health",3
"healthy",3
"heart",3
"high",3
"highly",3
"hint",3
"homonym",3
"homonymous",3
"horns",3
"horses",3
"huge",3
"human",3
"humans",3
"humorous",3
"idioms",3
"idiots",3
"ignore",3
"ill",3
"imperative",3
"implied",3
"implying",3
"inability",3
"inattentional",3
"inclined",3
"included",3
"incompleteness",3
"infantry",3
"initially",3
"inserted",3
"inserting",3
"intensity",3
"intentional",3
"interpret",3
"interpretation",3
"interpreted",3
"interviewer",3
"invented",3
"involving",3
"irrelevant",3
"isonymous",3
"italics",3
"izkata",3
"japanese",3
"jehan",3
"journal",3
"july",3
"knowing",3
"lay",3
"lead",3
"legs",3
"let's",3
"list",3
"listed",3
"local",3
"looked",3
"lose",3
"m",3
"mail",3
"man",3
"manner",3
"manners",3
"masked",3
"mass",3
"meaningful",3
"meanings",3
"media",3
"mere",3
"met",3
"middle",3
"minor",3
"minutiae",3
"missed",3
"mistakenly",3
"mitch",3
"mixed",3
"money",3
"moved",3
"movie",3
"multi",3
"myopia",3
"myth",3
"names",3
"national",3
"naturally",3
"nature",3
"nearly",3
"noad",3
"nowadays",3
"numbers",3
"oblivious",3
"obviously",3
"omission",3
"omissions",3
"open",3
"originated",3
"overall",3
"overly",3
"pad",3
"paradoxes",3
"perceive",3
"perfection",3
"periods",3
"peter",3
"phrasing",3
"pipe",3
"placement",3
"plain",3
"plausible",3
"pleasant",3
"pleased",3
"plural",3
"plus",3
"posted",3
"potentially",3
"preceded",3
"presence",3
"pressure",3
"pretentious",3
"prevaricate",3
"printing",3
"problematic",3
"professional",3
"prompt",3
"proposed",3
"propositions",3
"prospect",3
"putting",3
"quality",3
"quickly",3
"ready",3
"realizing",3
"receive",3
"receiving",3
"recently",3
"recognize",3
"recognized",3
"reduces",3
"refers",3
"regardless",3
"regional",3
"repeated",3
"reporting",3
"reports",3
"require",3
"requires",3
"resolved",3
"respond",3
"responder",3
"responding",3
"river",3
"road",3
"runs",3
"safe",3
"salem",3
"sarcastic",3
"saved",3
"scheme",3
"school",3
"scientific",3
"scott",3
"screen",3
"section",3
"semi",3
"sequence",3
"sh",3
"shane",3
"share",3
"shining",3
"sick",3
"sign",3
"significant",3
"sky",3
"slight",3
"solutions",3
"somewhere",3
"soon",3
"southern",3
"space",3
"spots",3
"statements",3
"stimuli",3
"straight",3
"strongly",3
"sunny",3
"supposed",3
"suspicion",3
"syllables",3
"symptoms",3
"synonyms",3
"systems",3
"t",3
"tacoma",3
"taken",3
"technique",3
"testing",3
"theorem",3
"they'd",3
"thinks",3
"thoughts",3
"thread",3
"throw",3
"throwing",3
"tina",3
"tongue",3
"top",3
"towels",3
"transitive",3
"translate",3
"translation",3
"tried",3
"truth",3
"turning",3
"type",3
"types",3
"typing",3
"unaware",3
"uncomfortable",3
"und",3
"united",3
"unnecessary",3
"unrelated",3
"user",3
"valid",3
"values",3
"visual",3
"vol",3
"vowel",3
"wasn't",3
"we'd",3
"wide",3
"wise",3
"won",3
"wonder",3
"wondering",3
"wonkish",3
"wood",3
"worse",3
"writer",3
"writers",3
"wwii",3
"yeah",3
"abbreviation",2
"abdeker",2
"absence",2
"abstract",2
"academic",2
"accents",2
"accordingly",2
"accurate",2
"accustomed",2
"achieve",2
"acknowledges",2
"actively",2
"acuity",2
"adds",2
"adjacent",2
"adjectives",2
"advertising",2
"advice",2
"advise",2
"afraid",2
"africa",2
"against",2
"agrees",2
"air",2
"aligned",2
"allowed",2
"allows",2
"alphabet",2
"altitude",2
"altogether",2
"ambient",2
"ambiguity",2
"ambivalence",2
"ame",2
"ammo",2
"amount",2
"analogy",2
"ann",2
"anti",2
"anybody",2
"anywhere",2
"apologize",2
"appeased",2
"apply",2
"appreciated",2
"arbitrary",2
"arbor",2
"argument",2
"arisen",2
"art",2
"articles",2
"articulate",2
"articulating",2
"artificial",2
"artillery",2
"aside",2
"assuming",2
"assure",2
"attach",2
"attached",2
"attaching",2
"attempt",2
"audible",2
"authors",2
"automatically",2
"avoidance",2
"avoided",2
"banks",2
"basilar",2
"bbc",2
"bc",2
"bearding",2
"beat",2
"belief",2
"bell",2
"below",2
"besides",2
"blinded",2
"blows",2
"board",2
"body",2
"bore",2
"borrowing",2
"bothersome",2
"bounty",2
"breaking",2
"bridge",2
"britain",2
"broad",2
"broadly",2
"brought",2
"browse",2
"bypass",2
"calls",2
"cape",2
"carried",2
"carries",2
"carry",2
"cart",2
"cast",2
"causing",2
"cease",2
"ceguera",2
"cf",2
"chain",2
"chances",2
"character",2
"cheese",2
"chew",2
"china",2
"circumlocution",2
"circumstance",2
"circumstances",2
"circumvent",2
"citation",2
"cite",2
"cited",2
"claim",2
"class",2
"classic",2
"claws",2
"climb",2
"closed",2
"closely",2
"coding",2
"cognate",2
"coined",2
"comedy",2
"commander",2
"commented",2
"committing",2
"commonplace",2
"community",2
"compact",2
"comparison",2
"compensating",2
"compliment",2
"compound",2
"conceal",2
"concerns",2
"conclusion",2
"conditional",2
"conflicted",2
"confused",2
"connecting",2
"considering",2
"consolation",2
"contain",2
"containing",2
"contains",2
"continue",2
"continued",2
"continues",2
"continuous",2
"contracting",2
"contractions",2
"contrast",2
"conveys",2
"cool",2
"copy",2
"cordial",2
"corpus",2
"corrected",2
"correspondance",2
"corresponds",2
"costs",2
"couldn't",2
"created",2
"creative",2
"creature",2
"criticism",2
"critique",2
"culture",2
"curse",2
"dancing",2
"database",2
"de",2
"dealing",2
"decade",2
"decided",2
"decision",2
"default",2
"define",2
"deleting",2
"delight",2
"demanding",2
"demonstrated",2
"demonstrates",2
"denote",2
"denotes",2
"departments",2
"derives",2
"descriptive",2
"deserved",2
"deserving",2
"desired",2
"destructive",2
"detailed",2
"devil",2
"dialog",2
"dianne",2
"digital",2
"disagreed",2
"discussed",2
"disguised",2
"dissertation",2
"distinct",2
"distorted",2
"drafter",2
"drafter's",2
"dragon's",2
"dragons",2
"drawn",2
"dried",2
"drills",2
"ducking",2
"dwelling",2
"early",2
"easier",2
"eat",2
"ed",2
"edged",2
"edward's",2
"effective",2
"effects",2
"elaborate",2
"elegant",2
"ellipsis",2
"elu",2
"emphasise",2
"emphasizes",2
"encountered",2
"ending",2
"enhance",2
"enjoyed",2
"enjoying",2
"enjoyment",2
"ensure",2
"entire",2
"environment",2
"eoghain",2
"equivocal",2
"equivocate",2
"er",2
"eroded",2
"erroneous",2
"erroneously",2
"events",2
"everyday",2
"everywhere",2
"excels",2
"excessively",2
"exercise",2
"existence",2
"existing",2
"experiment",2
"expert",2
"explained",2
"explaining",2
"explosion",2
"expressed",2
"fada",2
"failure",2
"failures",2
"fair",2
"faithful",2
"fascinated",2
"fashioned",2
"fast",2
"faux",2
"favor",2
"favored",2
"favors",2
"favour",2
"feminine",2
"fields",2
"fifteen",2
"fifty",2
"figurative",2
"file",2
"finish",2
"five",2
"fixed",2
"flat",2
"flawless",2
"flaws",2
"flight",2
"flights",2
"fluid",2
"foot",2
"footnotes",2
"forever",2
"forget",2
"forgot",2
"formats",2
"fortay",2
"fortis",2
"fortune",2
"frame",2
"fridge",2
"friendly",2
"fully",2
"fumblefingers",2
"function",2
"functional",2
"furniture",2
"gain",2
"gaining",2
"gap",2
"geb",2
"gell",2
"genius",2
"genuine",2
"glaring",2
"glossary",2
"glottal",2
"god",2
"godel",2
"godel's",2
"gonna",2
"google's",2
"gorilla",2
"gossiping",2
"government",2
"graciously",2
"greek",2
"grew",2
"guilt",2
"guy",2
"guys",2
"habit",2
"harder",2
"harry",2
"hasn't",2
"head",2
"helped",2
"helpful",2
"helps",2
"hero",2
"herring",2
"hidden",2
"highlighting",2
"hillary",2
"historical",2
"history",2
"hmm",2
"holes",2
"honor",2
"honour",2
"horse",2
"house",2
"hugo",2
"humanity",2
"humility",2
"hurts",2
"ibidem",2
"icarus",2
"ideals",2
"identical",2
"ignorant",2
"ignored",2
"illiterate",2
"imagine",2
"imo",2
"impeccable",2
"imperfections",2
"implications",2
"importance",2
"impression",2
"improve",2
"improvement",2
"inaudible",2
"inconvenience",2
"indicated",2
"indirect",2
"indirectly",2
"indistinguishable",2
"individually",2
"individuals",2
"industries",2
"industry",2
"infer",2
"infinity",2
"info",2
"inhibition",2
"inner",2
"input",2
"insertion",2
"inside",2
"insignificant",2
"insincere",2
"insurance",2
"intellectual",2
"intentionally",2
"interchangeable",2
"interchangeably",2
"interested",2
"interfere",2
"interference",2
"international",2
"interview",2
"interviewee",2
"intransitive",2
"introduced",2
"introduction",2
"intuitive",2
"invisible",2
"involves",2
"italicised",2
"jam",2
"jammed",2
"jammer",2
"jane",2
"jargon",2
"jay",2
"jeffrey",2
"jon",2
"jonah",2
"juices",2
"june",2
"justified",2
"keep",2
"kept",2
"lacking",2
"lampoon",2
"landlord",2
"layer",2
"leads",2
"leap",2
"learn",2
"leaves",2
"leaving",2
"left",2
"lens",2
"level",2
"lies",2
"liked",2
"limits",2
"lingo",2
"lions",2
"listen",2
"lists",2
"lookalike",2
"loose",2
"loudly",2
"lower",2
"lunch",2
"lying",2
"machine",2
"major",2
"malvolio",2
"managed",2
"mann's",2
"march",2
"margolies",2
"marjorie",2
"marked",2
"marker",2
"marking",2
"masculine",2
"masses",2
"match",2
"matches",2
"material",2
"materials",2
"maugham",2
"meatball",2
"meets",2
"membrane",2
"mentally",2
"mentions",2
"metaphor",2
"michigan",2
"midwest",2
"minded",2
"minimal",2
"minute",2
"misinterpreted",2
"misses",2
"mole",2
"monkey",2
"monthly",2
"moral",2
"morning",2
"mortar",2
"mostly",2
"motivation",2
"move",2
"moving",2
"muffle",2
"mutually",2
"muzzle",2
"myiopic",2
"namefellow",2
"namely",2
"namemate",2
"narrative",2
"narratives",2
"nerd",2
"nerdy",2
"neutral",2
"nevertheless",2
"nicely",2
"ninetywt",2
"nonstandard",2
"normal",2
"norman",2
"notational",2
"notion",2
"npr",2
"numbering",2
"numerous",2
"o",2
"obfuscated",2
"obfuscation",2
"objective",2
"objectives",2
"obliterate",2
"observing",2
"offend",2
"offered",2
"officials",2
"oneself",2
"outcome",2
"outer",2
"overlaid",2
"overlaying",2
"overuse",2
"overwhelming",2
"pacerier",2
"pain",2
"painful",2
"parent",2
"parents",2
"park",2
"parking",2
"parlance",2
"parse",2
"parties",2
"pass",2
"passing",2
"passive",2
"peace",2
"pedantic",2
"peer",2
"people's",2
"perception",2
"perceptual",2
"performance",2
"peripheral",2
"permanent",2
"perplexed",2
"persons",2
"pester",2
"phenomena",2
"phone",2
"phoneme",2
"phonetically",2
"physicist",2
"physics",2
"pick",2
"pilot",2
"players",2
"plumbing",2
"pnw",2
"poetic",2
"policies",2
"politics",2
"population",2
"potter",2
"prayer",2
"precise",2
"preferably",2
"preferred",2
"prescriptivist",2
"presented",2
"presumably",2
"previously",2
"price",2
"primary",2
"principle",2
"print",2
"prioritize",2
"produced",2
"production",2
"programmer",2
"project",2
"pronounces",2
"pronouncing",2
"pronouns",2
"proofreading",2
"property",2
"propose",2
"prove",2
"proves",2
"psychology",2
"public",2
"punch",2
"purdy's",2
"purely",2
"questioned",2
"questioner",2
"quick",2
"quilts",2
"quirk",2
"quora",2
"raised",2
"rarely",2
"reaction",2
"realize",2
"recent",2
"redemption",2
"reduce",2
"regards",2
"regdwight",2
"regular",2
"regulation",2
"relationship",2
"release",2
"reliable",2
"religion",2
"reluctance",2
"reluctant",2
"remarks",2
"reminds",2
"removing",2
"rendered",2
"repetition",2
"replacing",2
"replying",2
"requesting",2
"reserve",2
"resignation",2
"respectful",2
"responses",2
"revenge",2
"reverse",2
"review",2
"ride",2
"ridicule",2
"ridiculous",2
"rightly",2
"ring",2
"risky",2
"romney",2
"roots",2
"round",2
"route",2
"runners",2
"sacks",2
"sail",2
"sake",2
"sami",2
"sample",2
"save",2
"savored",2
"schadenfreude",2
"scientifically",2
"scope",2
"se",2
"seconds",2
"sehe",2
"semantic",2
"sentimental",2
"seriously",2
"sets",2
"setting",2
"seventeen",2
"sharply",2
"shinin",2
"shooting",2
"shorter",2
"shot",2
"silly",2
"skunked",2
"slaks",2
"slide",2
"slim",2
"smiling",2
"smith",2
"somebody",2
"sorting",2
"sought",2
"south",2
"spectator",2
"spelt",2
"spirit",2
"spit",2
"sponge",2
"sporting",2
"sports",2
"stack",2
"staff",2
"standing",2
"started",2
"starting",2
"stated",2
"stating",2
"steeped",2
"steven",2
"store",2
"strangely",2
"stranger",2
"strength",2
"stretch",2
"structures",2
"stuck",2
"student",2
"students",2
"subjective",2
"submitting",2
"subsequent",2
"substitute",2
"substituted",2
"subtle",2
"successfully",2
"suited",2
"super",2
"superman's",2
"supported",2
"surely",2
"surface",2
"suspect",2
"sweet",2
"symbols",2
"synonym",2
"takes",2
"taller",2
"tax",2
"team",2
"tempt",2
"tends",2
"tergiversate",2
"tests",2
"thanking",2
"theology",2
"theories",2
"they'll",2
"thorough",2
"thrasher",2
"throughout",2
"tina's",2
"tired",2
"tools",2
"topic",2
"towards",2
"tradition",2
"traditional",2
"tragic",2
"transformational",2
"triple",2
"tristram",2
"turkey",2
"turn",2
"turns",2
"tv",2
"tweak",2
"typeface",2
"typical",2
"typo",2
"ultimate",2
"ultra",2
"unbeknownst",2
"understandable",2
"understands",2
"unease",2
"unfortunate",2
"unit",2
"universally",2
"unlikely",2
"unsure",2
"urgency",2
"usa",2
"value",2
"variations",2
"variety",2
"various",2
"veiled",2
"verbatim",2
"verbifying",2
"via",2
"view",2
"viewed",2
"views",2
"visible",2
"vote",2
"votes",2
"voting",2
"vs",2
"w",2
"waiting",2
"wall",2
"walter",2
"warmth",2
"warn",2
"warning",2
"washed",2
"waste",2
"waveform",2
"weapon",2
"wedding",2
"weight",2
"weird",2
"wesley",2
"west",2
"whereas",2
"whose",2
"wider",2
"wife",2
"wiktionary",2
"win",2
"wobbly",2
"woman's",2
"women",2
"wonderful",2
"worth",2
"wrongly",2
"y",2
"younger",2
"z",2
"abbreviated",1
"abbreviations",1
"abilities",1
"absent",1
"absolve",1
"absorb",1
"absurdity",1
"access",1
"accident",1
"accomplished",1
"accounting",1
"accuracy",1
"accurately",1
"accusative",1
"accusatory",1
"accute",1
"acknowledged",1
"acknowledgement",1
"acoustics",1
"acquiescence",1
"action",1
"activates",1
"acton",1
"acts",1
"acute",1
"acutely",1
"ad",1
"addendum",1
"additionally",1
"addressed",1
"addressees",1
"adequately",1
"adj",1
"administration",1
"administrative",1
"admiral",1
"admiration",1
"admission",1
"admit",1
"adopt",1
"adorn",1
"advance",1
"advocating",1
"aerial",1
"aesop",1
"aesthetic",1
"afaik",1
"affairs",1
"affecting",1
"affects",1
"affirm",1
"afflictions",1
"affordable",1
"afterwards",1
"aggravating",1
"aggressive",1
"agreed",1
"agreeing",1
"agreement",1
"ah",1
"ahmed",1
"aimed",1
"aiming",1
"airlines",1
"aka",1
"al",1
"alarm",1
"albeit",1
"alcohol",1
"alert",1
"algorithm",1
"alignment",1
"aligns",1
"allay",1
"allegory",1
"allowances",1
"allowing",1
"alludes",1
"alphanumerically",1
"alter",1
"alternating",1
"alumni",1
"amazing",1
"amazon",1
"ambitious",1
"ambitiousness",1
"america",1
"americans",1
"amnesty",1
"among",1
"amongst",1
"amounts",1
"amourous",1
"amy",1
"analogues",1
"analyze",1
"ancestry",1
"andiamo",1
"anecdotes",1
"angela",1
"anger",1
"anglicization",1
"anglicized",1
"anglo",1
"angry",1
"animadversor",1
"animal",1
"annoying",1
"annoyingly",1
"annual",1
"antoine",1
"anwers",1
"anyways",1
"apart",1
"apostophe",1
"apostrophe",1
"apparent",1
"appeals",1
"appearance",1
"appearing",1
"appeasement",1
"appeasing",1
"apple",1
"applicability",1
"application",1
"applying",1
"appreciates",1
"appreciating",1
"appropriated",1
"appropriating",1
"approximate",1
"approximation",1
"apt",1
"arguably",1
"argue",1
"ariel",1
"arise",1
"arises",1
"arluin",1
"arose",1
"arousing",1
"arrive",1
"article's",1
"artificially",1
"artist",1
"arts",1
"ascending",1
"asinine",1
"asker's",1
"asks",1
"aspie",1
"ass",1
"assembling",1
"assertion",1
"assertions",1
"assessment",1
"associated",1
"association",1
"assonance",1
"assuage",1
"assumes",1
"assured",1
"atheist",1
"athomsfere",1
"atlantic",1
"atrociously",1
"attempted",1
"attempts",1
"attend",1
"attended",1
"attentive",1
"attenuation",1
"attitude",1
"attractive",1
"attributes",1
"attributing",1
"audiology",1
"auditory",1
"augment",1
"australia",1
"australian",1
"australians",1
"authority",1
"autonomy",1
"auxiliaries",1
"avoiding",1
"avoids",1
"awards",1
"awareness",1
"awesome",1
"awoodland",1
"axiomatic",1
"ay",1
"babies",1
"baby",1
"bach",1
"backwards",1
"bailey",1
"balance",1
"balter",1
"bank",1
"bankruptcy",1
"barrel",1
"barrett",1
"barrier",1
"barriers",1
"bars",1
"base",1
"bases",1
"basis",1
"bathrooms",1
"bead",1
"beadwork",1
"beard",1
"bears",1
"beauties",1
"beaver",1
"bed",1
"beds",1
"beefed",1
"befog",1
"begin",1
"begs",1
"behaves",1
"behind",1
"believes",1
"belittles",1
"belkaoui",1
"belly",1
"bend",1
"benefactor",1
"beneficial",1
"benefited",1
"berman",1
"berry",1
"betting",1
"bewildered",1
"bi",1
"biased",1
"biases",1
"biaz",1
"bigger",1
"bilabials",1
"binders",1
"bird",1
"bis",1
"bitter",1
"blackness",1
"blade",1
"blake's",1
"blame",1
"blanket",1
"blanks",1
"blindfold",1
"blindfolded",1
"blinkered",1
"blow",1
"blowth",1
"blumenthal",1
"blunders",1
"blunt",1
"bluntness",1
"blur",1
"boil",1
"boilerplate",1
"boisvert",1
"bombshell",1
"bond",1
"boom",1
"borat",1
"borders",1
"bored",1
"bores",1
"boring",1
"borrowings",1
"bothering",1
"bought",1
"bound",1
"boy",1
"brace",1
"braces",1
"brain",1
"brain's",1
"branches",1
"bravado",1
"bravo",1
"breaker",1
"breakfast",1
"breaks",1
"breath",1
"brevity",1
"brickwork",1
"bright",1
"brighter",1
"bringing",1
"brittany",1
"brown",1
"brutish",1
"bruton",1
"brutus",1
"bryan",1
"btw",1
"buckets",1
"bugger",1
"build",1
"builders",1
"building",1
"bullet",1
"bulletin",1
"bulls",1
"bullshit",1
"bullshitting",1
"bump",1
"bunch",1
"burden",1
"buried",1
"bus",1
"buy",1
"bzink",1
"cacophony",1
"cadet",1
"caesar",1
"cagey",1
"calculated",1
"calculations",1
"california",1
"calm",1
"cameras",1
"camouflaging",1
"campaign",1
"camus",1
"canadian",1
"canadians",1
"canal",1
"cancelling",1
"candidates",1
"canned",1
"cannon",1
"cant",1
"capacity",1
"captures",1
"card",1
"cards",1
"cared",1
"career",1
"carefully",1
"careless",1
"carl",1
"carl's",1
"carlin",1
"carnivals",1
"carpenter",1
"casework",1
"casey",1
"caste",1
"catching",1
"category",1
"causes",1
"cave",1
"cents",1
"centuries",1
"ceo",1
"cerberus",1
"chair",1
"challenge",1
"challenging",1
"changes",1
"channel",1
"channels",1
"chaos",1
"characterize",1
"characterized",1
"charged",1
"charles",1
"charlie",1
"charm",1
"chasing",1
"cheap",1
"checkers",1
"cheek",1
"cheerfully",1
"cheney",1
"chicago",1
"chicken",1
"chief",1
"child",1
"children's",1
"chilton",1
"chinese",1
"choices",1
"chooses",1
"chose",1
"choster",1
"chris",1
"chronological",1
"chronologies",1
"chunk",1
"circle",1
"circumbendibusical",1
"city",1
"city's",1
"claimed",1
"clarification",1
"clarified",1
"clarifying",1
"clarity",1
"classification",1
"classless",1
"classmate",1
"clause",1
"cleaners",1
"cleanest",1
"cleaning",1
"clever",1
"click",1
"clients",1
"cliff",1
"clingy",1
"clipper",1
"clothes",1
"clothing",1
"club",1
"co",1
"coast",1
"coasts",1
"coats",1
"cockpits",1
"codependent",1
"codeshane's",1
"cognition",1
"coining",1
"collins",1
"colloquial",1
"colloquially",1
"color",1
"colorful",1
"column",1
"comma",1
"command",1
"commenter",1
"commercial",1
"commit",1
"commitment",1
"committee's",1
"commonwealth",1
"commonwealthy",1
"communicate",1
"communicated",1
"communicates",1
"communication",1
"communism",1
"companies",1
"comparatively",1
"compensatory",1
"competent",1
"complacent",1
"complement",1
"complexion",1
"complexity",1
"complicate",1
"composed",1
"composition",1
"comprehension",1
"compunction",1
"concealed",1
"concentrate",1
"conception",1
"concern",1
"concerning",1
"concise",1
"concisely",1
"condescending",1
"condescendingly",1
"conduct",1
"confident",1
"confidentiality",1
"confirmed",1
"confront",1
"confusions",1
"congenitally",1
"congratulations",1
"conjecture",1
"conjunction",1
"conjunctions",1
"conjures",1
"connote",1
"conscious",1
"consequences",1
"consequently",1
"considers",1
"consise",1
"consisted",1
"consoled",1
"conspicuously",1
"constant",1
"constructed",1
"construction",1
"consuming",1
"conteinyng",1
"contemporary",1
"content",1
"contentment",1
"contests",1
"contextually",1
"continuating",1
"continuing",1
"contrary",1
"contribution",1
"contrive",1
"controversial",1
"conventional",1
"conventions",1
"conversely",1
"conversing",1
"cooked",1
"cop",1
"cope",1
"copyright",1
"cord",1
"corollary",1
"correcting",1
"corrections",1
"correctness",1
"correspondence",1
"corresponding",1
"could've",1
"counting",1
"couple",1
"covered",1
"covering",1
"cow",1
"cracked",1
"crash",1
"crashing",1
"crass",1
"cream",1
"creates",1
"creatively",1
"creator",1
"credit",1
"crept",1
"crime",1
"criticizing",1
"critiquing",1
"croce",1
"cromulent",1
"crossed",1
"cry",1
"crying",1
"cues",1
"cultural",1
"culturally",1
"curb",1
"cure",1
"curious",1
"curly",1
"currency",1
"currently",1
"custom",1
"customary",1
"customer",1
"cwallenpoole",1
"cybernetics",1
"daf",1
"damn",1
"dampening",1
"dan",1
"dangerously",1
"dangers",1
"daniel",1
"danneely",1
"dare",1
"dark",1
"darwin",1
"davidrivers",1
"davidwallace",1
"days",1
"dead",1
"deaden",1
"deadening",1
"debate",1
"debug",1
"dec",1
"deceitful",1
"deceive",1
"decent",1
"decisions",1
"dedicated",1
"deed",1
"def",1
"defeat",1
"defeats",1
"defective",1
"defects",1
"defensive",1
"defer",1
"defiance",1
"deficits",1
"defining",1
"definitive",1
"deflection",1
"defy",1
"degree",1
"delay",1
"deliberate",1
"delivered",1
"delivery",1
"deluge",1
"deminished",1
"demonstrate",1
"demonstration",1
"den",1
"deniable",1
"denser",1
"depend",1
"depended",1
"depending",1
"deprecating",1
"deprived",1
"derided",1
"derisively",1
"derivation",1
"derivations",1
"derive",1
"derogatory",1
"descends",1
"descriptor",1
"deserve",1
"deserves",1
"designated",1
"designs",1
"desires",1
"desks",1
"desperate",1
"destructively",1
"detectives",1
"determine",1
"determined",1
"developed",1
"developer",1
"developers",1
"developing",1
"development",1
"develops",1
"deviate",1
"devices",1
"devise",1
"dexterity",1
"dialect",1
"dict",1
"dictionary's",1
"died",1
"differences",1
"differentiated",1
"digits",1
"digressive",1
"diminishes",1
"din",1
"dint",1
"directing",1
"directness",1
"dis",1
"disadvantage",1
"discharge",1
"discounted",1
"discourage",1
"discouraged",1
"discussing",1
"disguising",1
"disgust",1
"dismissed",1
"dismount",1
"disposition",1
"disproves",1
"dispute",1
"disputed",1
"disregard",1
"disrupting",1
"dissimilar",1
"distantly",1
"distinctions",1
"distinguishing",1
"distort",1
"distortion",1
"distortions",1
"distract",1
"distraction",1
"distracts",1
"distress",1
"distressed",1
"distributed",1
"disturbance",1
"divide",1
"documented",1
"documents",1
"dodges",1
"dodgy",1
"dogrib",1
"donegal",1
"dope",1
"doppelganger",1
"dopplenamers",1
"dormiens",1
"doubtful",1
"doubts",1
"dowd",1
"dowd's",1
"downsides",1
"draco",1
"drafters",1
"draining",1
"dramatic",1
"drawbacks",1
"drew",1
"drift",1
"driven",1
"dropped",1
"drown",1
"drowning",1
"drugs",1
"drum",1
"drunk",1
"dubious",1
"dull",1
"dumb",1
"dummies",1
"dunno",1
"duplicating",1
"duties",1
"dwellings",1
"dylancristy",1
"dynamic",1
"dynamite",1
"eager",1
"eagle",1
"earliest",1
"earth",1
"ease",1
"east",1
"eastern",1
"eavesdrop",1
"economic",1
"economy",1
"ecstatic",1
"educational",1
"effort",1
"eg",1
"eggcorned",1
"eggcorns",1
"egoistic",1
"egregious",1
"eighteenth",1
"eightfold",1
"el",1
"eldritchwarlord",1
"elect",1
"electronic",1
"elenchi",1
"elizabeth",1
"else's",1
"elsewhere",1
"elude",1
"elusive",1
"emails",1
"emanuel",1
"embers",1
"embrace",1
"emerged",1
"emergencies",1
"emfibbening",1
"emits",1
"emitter",1
"emitters",1
"emphasises",1
"emphasized",1
"empirical",1
"emplacements",1
"employ",1
"employed",1
"employees",1
"employing",1
"emulate",1
"en",1
"enables",1
"enclosure",1
"encoding",1
"encounter",1
"encouragement",1
"encourages",1
"encouraging",1
"encryption",1
"endangered",1
"endangering",1
"endorse",1
"ends",1
"engaged",1
"engineer",1
"england",1
"englander",1
"englishe",1
"englishman",1
"engulfed",1
"enjoy",1
"enlightening",1
"enought",1
"ensures",1
"entirety",1
"entitled",1
"entity",1
"entries",1
"envelop",1
"environments",1
"episode",1
"equally",1
"equivalence",1
"eras",1
"erat",1
"erected",1
"erecting",1
"erections",1
"ergonomics",1
"erodes",1
"escaped",1
"escaping",1
"escher",1
"eskimo",1
"esp",1
"essay",1
"essentially",1
"esso",1
"establishment",1
"estimate",1
"ethos",1
"etiquette",1
"etymological",1
"eugene",1
"everybody",1
"evidenced",1
"exceedingly",1
"exceptions",1
"excess",1
"exciting",1
"exclusively",1
"excuses",1
"executed",1
"exemplified",1
"exercises",1
"exhausted",1
"exhibit",1
"exhibition",1
"exhibitions",1
"expanded",1
"expanse",1
"expectation",1
"expecting",1
"expects",1
"expediency's",1
"experiments",1
"explanations",1
"explicit",1
"exploration",1
"exposes",1
"expresses",1
"extending",1
"extensible",1
"exterior",1
"externalization",1
"externalize",1
"extracting",1
"extraneous",1
"extreme",1
"extremes",1
"exxonmobil",1
"eyeballs",1
"f",1
"fable",1
"faces",1
"facing",1
"factor",1
"factors",1
"facts",1
"failed",1
"faint",1
"faintest",1
"fallen",1
"falsely",1
"familiarity",1
"fan",1
"fancifully",1
"fans",1
"faq",1
"farlex",1
"fascinating",1
"faster",1
"fastidious",1
"fat",1
"father",1
"fatigued",1
"faults",1
"fav'ed",1
"favorite",1
"favouring",1
"fear",1
"featuring",1
"feb",1
"fein",1
"fellows",1
"female",1
"fengyang",1
"feynman",1
"fictional",1
"fictitious",1
"fig",1
"figures",1
"filenames",1
"filled",1
"filling",1
"films",1
"filter",1
"finds",1
"firearm",1
"firefighters",1
"firefighting",1
"fireman",1
"fissile",1
"fitting",1
"fittings",1
"fixer",1
"flag",1
"flagging",1
"flash",1
"flavor",1
"flectere",1
"flicker",1
"flour",1
"flowery",1
"flown",1
"fluffy",1
"flying",1
"fobbed",1
"focusing",1
"foes",1
"foible",1
"folk",1
"font",1
"foolishness",1
"forbidden",1
"force",1
"forced",1
"forehead",1
"foreigners",1
"foremost",1
"forgetful",1
"forgetting",1
"formally",1
"formatting",1
"formed",1
"formerly",1
"forsooth",1
"forum",1
"fourth",1
"frail",1
"framed",1
"framing",1
"francisco",1
"frankly",1
"fraudulence",1
"fraught",1
"fred",1
"freezing",1
"frequencies",1
"frobnicate",1
"frontages",1
"fruit",1
"fulton",1
"fun",1
"funnily",1
"furious",1
"furthermore",1
"fuzz",1
"g",1
"gaelicisation",1
"gail",1
"gained",1
"galileo",1
"galleries",1
"games",1
"gaming",1
"garage",1
"garble",1
"garde",1
"garner",1
"gas",1
"generalizing",1
"generated",1
"generation",1
"generational",1
"generative",1
"generators",1
"generic",1
"genuinely",1
"genuineness",1
"geographically",1
"georgian",1
"german",1
"germanic",1
"gfullam",1
"giggles",1
"gilbert",1
"girl",1
"gist",1
"gladness",1
"glance",1
"glare",1
"glazing",1
"gleefully",1
"gloomy",1
"glory",1
"glossing",1
"glue",1
"goal",1
"goals",1
"god's",1
"goof",1
"googleganger",1
"gore",1
"gorge",1
"gotta",1
"gotten",1
"governed",1
"gr",1
"grabbed",1
"graded",1
"graduate",1
"gram",1
"grammarian's",1
"grammarist",1
"grammatically",1
"gramnarist",1
"grandfather",1
"grant",1
"granted",1
"greatest",1
"greduan",1
"greediness",1
"green",1
"greenfield",1
"greeting",1
"grief",1
"grimly",1
"grinding",1
"groan",1
"ground",1
"grudging",1
"guaranteed",1
"guessing",1
"guide",1
"gun",1
"gunfire",1
"gunpowder",1
"gunwales",1
"gupta",1
"habits",1
"haha",1
"hahaha",1
"halstead",1
"halt",1
"hamilton",1
"handed",1
"handicap",1
"handled",1
"hardcore",1
"hardworking",1
"harness",1
"harsh",1
"harvester",1
"harvey",1
"hatchet",1
"hate",1
"havn't",1
"hazardous",1
"hazing",1
"he's",1
"headline",1
"healthcare",1
"hears",1
"heat",1
"heaven",1
"heavily",1
"heavy",1
"hedge",1
"heh",1
"helm",1
"helper",1
"helping",1
"heritage",1
"herself",1
"hesitate",1
"heskett",1
"heteronym",1
"heteronymous",1
"heywood'sa",1
"hi",1
"hibernating",1
"hibernisation",1
"hibernization",1
"hide",1
"hierarchy",1
"hill",1
"himself",1
"hints",1
"historically",1
"hit",1
"hitting",1
"hnqs",1
"hofstadter's",1
"hogwarts",1
"holding",1
"hollerin",1
"holocaust",1
"homonyme",1
"homonymonous",1
"homophones",1
"honestly",1
"hook",1
"hoping",1
"horatio",1
"horde",1
"hostility",1
"hot",1
"hotel",1
"hour",1
"hubris",1
"huh",1
"humble",1
"humbleness",1
"humor",1
"humour",1
"hungary",1
"hunger",1
"hunting",1
"hyde",1
"hydrants",1
"hypercorrection",1
"ian",1
"icelandic",1
"id",1
"identically",1
"identify",1
"identifying",1
"ideological",1
"ie",1
"ignite",1
"ignoratio",1
"ignoring",1
"illinois",1
"illustr",1
"illustrated",1
"im",1
"image",1
"images",1
"imagined",1
"imitation",1
"immersed",1
"immigration",1
"impaired",1
"imperfect",1
"impersonation",1
"implement",1
"implicit",1
"imposed",1
"impulses",1
"inaccuracy",1
"inaccurate",1
"inadequate",1
"inadvertent",1
"incarnation",1
"incidence",1
"income",1
"incomplete",1
"inconsistency",1
"inconsistent",1
"incredible",1
"independent",1
"indian",1
"indicating",1
"indication",1
"individual",1
"indtil",1
"induces",1
"inevitable",1
"inferable",1
"inflected",1
"inflicted",1
"inform",1
"informally",1
"infrastructure",1
"inhibit",1
"initial",1
"ink",1
"innocuous",1
"insert",1
"inserters",1
"inserts",1
"insider",1
"insight",1
"insist",1
"insofar",1
"inspired",1
"instant",1
"instantly",1
"insult",1
"intellectuals",1
"intelligence",1
"intensely",1
"intentions",1
"intents",1
"interestingly",1
"interfaces",1
"interjected",1
"interjections",1
"interlocking",1
"intermediate",1
"intermediatehacker",1
"internal",1
"internally",1
"interpretable",1
"interpretations",1
"interrogated",1
"interruptions",1
"intervening",1
"interviewe",1
"interviewee's",1
"interviewing",1
"interviews",1
"intill",1
"intimacy",1
"intimate",1
"intricate",1
"invalidated",1
"invariably",1
"inventive",1
"inverse",1
"inversion",1
"invert",1
"inverting",1
"investigated",1
"investigation",1
"invitations",1
"iran",1
"irishman",1
"irisn",1
"ironic",1
"irritating",1
"islamic",1
"island",1
"italianization",1
"italic",1
"items",1
"itym",1
"janusbahsjacquet",1
"japan",1
"jcast",1
"jean",1
"jefferson",1
"jefferson's",1
"jeffrey's",1
"jelila",1
"jenny",1
"jeremy",1
"jest",1
"jester",1
"jimbalter",1
"jingle",1
"jinx",1
"jk",1
"jl",1
"jobs",1
"johan",1
"johann",1
"jokes",1
"jonpurdy",1
"joshua",1
"journalism",1
"journalist",1
"journalistic",1
"jousting",1
"jr",1
"judge",1
"judged",1
"judges",1
"judicial",1
"jumble",1
"jump",1
"jumping",1
"jus",1
"justify",1
"jxh",1
"k",1
"kamal",1
"kamergenoot",1
"kate",1
"kerr",1
"kevinbradshaw",1
"kicks",1
"kid",1
"kill",1
"killed",1
"kilpatrick",1
"kinda",1
"kindly",1
"kindness",1
"kinds",1
"king",1
"kitchens",1
"klasgenoot",1
"knee",1
"knew",1
"knight",1
"knightly",1
"knowingly",1
"knox",1
"kobe",1
"kosmonaut",1
"koya",1
"krauthammer",1
"lacks",1
"ladders",1
"lady",1
"lame",1
"lamenting",1
"lampy",1
"land",1
"landscape",1
"languagelearning",1
"largely",1
"lastly",1
"latterly",1
"laughing",1
"launch",1
"launching",1
"lawrence",1
"lawyers",1
"laying",1
"le",1
"leadership",1
"leading",1
"learners",1
"learnt",1
"lectures",1
"led",1
"legal",1
"legitimacy",1
"leithart",1
"length",1
"lengths",1
"lengthy",1
"lenny",1
"lest",1
"lethal",1
"letting",1
"levels",1
"lexical",1
"liar's",1
"liberties",1
"library",1
"licks",1
"lie",1
"lifeless",1
"lifelike",1
"likes",1
"liking",1
"likly",1
"limit",1
"lindalawson",1
"linguist",1
"linking",1
"links",1
"lip",1
"liquid",1
"listening",1
"livelihood",1
"lively",1
"living",1
"loaded",1
"loading",1
"loan",1
"loanword",1
"locale",1
"located",1
"location",1
"logical",1
"logically",1
"lol",1
"london",1
"lone",1
"lordcheeto",1
"loss",1
"lots",1
"lou",1
"louder",1
"loudness",1
"lovely",1
"luck",1
"lustre",1
"lyonesse",1
"machinery",1
"madison",1
"mag",1
"magazine",1
"magical",1
"mahmud",1
"maid",1
"mailing",1
"mainly",1
"mainstream",1
"majority",1
"malapropism",1
"male",1
"manage",1
"management",1
"maneuver",1
"maneuvers",1
"manhattan",1
"mankind",1
"manoeuvre",1
"manuscript",1
"map",1
"mapping",1
"mar",1
"mari",1
"markdown",1
"markup",1
"markus",1
"marriage",1
"marries",1
"marsh",1
"martha",1
"mashing",1
"master",1
"math",1
"mathematical",1
"matt",1
"matt's",1
"mattacular",1
"matthew",1
"maxed",1
"maxwilliams",1
"meaningless",1
"measurements",1
"meat",1
"mechanics",1
"mechanism",1
"medicine",1
"meditate",1
"medium",1
"meet",1
"meetings",1
"meg",1
"member",1
"meme",1
"memory",1
"mercedes",1
"merchant",1
"merge",1
"meta",1
"metaphoric",1
"metaphors",1
"method",1
"methods",1
"mice",1
"mid",1
"midnight",1
"mightily",1
"mild",1
"mimic",1
"mimicking",1
"mimicry",1
"mimics",1
"mind's",1
"minds",1
"mindset",1
"minority",1
"minutes",1
"mirrors",1
"mis",1
"misapprehension",1
"misconception",1
"misconstrued",1
"misdirection",1
"misfortune",1
"misinterpretation",1
"misleadingly",1
"misnomer",1
"mispronounced",1
"misquote",1
"misri",1
"mississipppi",1
"misstate",1
"mistaken",1
"misunderstand",1
"misunderstands",1
"misuse",1
"mitigated",1
"mix",1
"moderator",1
"modified",1
"modifier",1
"molly",1
"moment",1
"moments",1
"mondale's",1
"moniker",1
"monmouth",1
"moonlight",1
"moonshine",1
"morale",1
"morality",1
"moreover",1
"moreso",1
"morn",1
"mother",1
"motivated",1
"motivating",1
"motto",1
"mountains",1
"mouth",1
"movies",1
"mr",1
"ms",1
"muddle",1
"muddy",1
"muhammad",1
"multiply",1
"mundane",1
"murch's",1
"murderous",1
"murray",1
"mused",1
"musicians",1
"mustache",1
"muting",1
"muttered",1
"mysticism",1
"mythological",1
"naamgenoot",1
"naive",1
"narrow",1
"nauseam",1
"nautical",1
"navy",1
"nay",1
"nb",1
"nearsighted",1
"nearsightedness",1
"needing",1
"needn't",1
"negatives",1
"neighborhood",1
"neologism",1
"nerds",1
"nest",1
"nesting",1
"neuropsychological",1
"newsweek",1
"nicer",1
"night's",1
"nights",1
"nine",1
"nlp",1
"noam",1
"nod",1
"nohat's",1
"noised",1
"nomber",1
"noncount",1
"nonetheless",1
"norcal",1
"normalization",1
"norms",1
"norse",1
"north",1
"northern",1
"northumbrian",1
"northwest",1
"notate",1
"noticeably",1
"noticed",1
"novel",1
"nuanced",1
"numquam",1
"nutshell",1
"oald",1
"oarlocks",1
"obama",1
"obfuscating",1
"objectivity",1
"obliterated",1
"obliviousness",1
"obscured",1
"obscuring",1
"observations",1
"obsolete",1
"occasional",1
"occurred",1
"occurring",1
"oct",1
"october",1
"odo",1
"oed's",1
"offer",1
"officers",1
"official",1
"oic",1
"ointment",1
"ok",1
"okay",1
"ominous",1
"omits",1
"omonimo",1
"ongoing",1
"ooh",1
"opener",1
"opinions",1
"opposing",1
"opposition",1
"ordinal",1
"ordinarily",1
"oregon",1
"organise",1
"originals",1
"originates",1
"origins",1
"ornaments",1
"orthography",1
"oswald",1
"other's",1
"ought",1
"ours",1
"outdated",1
"outlined",1
"overboard",1
"overemphasized",1
"overexposure",1
"overhaul",1
"overload",1
"overloading",1
"oversight",1
"overstating",1
"owe",1
"owen",1
"pacific",1
"pacifier",1
"pacify",1
"pack",1
"packaging",1
"packed",1
"pages",1
"pale",1
"paola",1
"paradise",1
"parallel",1
"pardon",1
"parentheses",1
"parenthesis",1
"parentses",1
"parker",1
"parkour",1
"parks",1
"parry",1
"parser",1
"partial",1
"participant",1
"participate",1
"particles",1
"partisan",1
"parts",1
"passed",1
"passively",1
"patronizing",1
"paved",1
"pavel",1
"pcs",1
"pejorative",1
"pen",1
"peoria",1
"perceptions",1
"perchance",1
"perfective",1
"perform",1
"performing",1
"periphery",1
"periphrasis",1
"permission",1
"permits",1
"persians",1
"person's",1
"pertaining",1
"perth",1
"peruse",1
"phd",1
"phonemes",1
"photogrammetric",1
"photographer",1
"phrased",1
"physicians",1
"physicists",1
"picked",1
"picking",1
"pieces",1
"pile",1
"piling",1
"pinpoint",1
"pipeman",1
"piss",1
"pith",1
"placing",1
"planes",1
"planet",1
"plans",1
"plausibly",1
"played",1
"player",1
"playful",1
"playfulness",1
"plays",1
"pleasurable",1
"plenty",1
"plotting",1
"plug",1
"poet",1
"poetical",1
"poetically",1
"poetry",1
"pointing",1
"pole",1
"policeman",1
"polish",1
"politely",1
"politically",1
"politician",1
"possessives",1
"possibilities",1
"postalveolar",1
"posterity",1
"posters",1
"posting",1
"postulated",1
"potato",1
"poultry",1
"pound",1
"powdered",1
"power",1
"powerful",1
"pox",1
"practise",1
"practising",1
"praise",1
"precarious",1
"precipitous",1
"precludes",1
"preconceptions",1
"predicament",1
"predicate",1
"predicted",1
"predisposed",1
"preface",1
"preferable",1
"prematurely",1
"preoccupied",1
"prepared",1
"preponderance",1
"preposition",1
"prepositions",1
"prescriptionist",1
"prescriptive",1
"prescriptivism",1
"presenting",1
"presents",1
"preserve",1
"preserving",1
"presidential",1
"press",1
"presumed",1
"presuming",1
"pretending",1
"prevention",1
"prevents",1
"primes",1
"priming",1
"printed",1
"printers",1
"printout",1
"privacy",1
"prize",1
"prizes",1
"probability",1
"produces",1
"professionally",1
"professionals",1
"professions",1
"profound",1
"profoundly",1
"program",1
"progress",1
"prohibition",1
"prom",1
"promises",1
"prompted",1
"promulgated",1
"prone",1
"pronounceable",1
"proofreaders",1
"propagation",1
"proposition",1
"protagonist",1
"protect",1
"proud",1
"prouerbes",1
"proved",1
"proven",1
"proverbial",1
"providence",1
"provinces",1
"proving",1
"provoke",1
"provoking",1
"prowess",1
"prying",1
"pseudonym",1
"psychoacoustics",1
"psychological",1
"psycological",1
"publication",1
"published",1
"pull",1
"pulling",1
"pun",1
"punctuate",1
"pupils",1
"pure",1
"purnululu",1
"purport",1
"pushed",1
"quadruple",1
"quandry",1
"quarter",1
"quaternion",1
"query",1
"questionable",1
"quicker",1
"quid",1
"quiet",1
"quilting",1
"quine's",1
"quirks",1
"quizzically",1
"quo",1
"quotations",1
"quoter's",1
"quoters",1
"race",1
"rained",1
"rains",1
"ralph",1
"randolph",1
"ranger",1
"ranging",1
"rank",1
"ratchet",1
"rated",1
"rats",1
"rays",1
"reach",1
"reached",1
"reaching",1
"react",1
"reader's",1
"readily",1
"readings",1
"reads",1
"realisation",1
"realise",1
"realities",1
"rebuilding",1
"receiver",1
"receives",1
"recipient",1
"recommendation",1
"recommends",1
"record",1
"recorded",1
"recoverable",1
"rectitude",1
"redefine",1
"redgrittybrick",1
"redgrittybrick's",1
"redlined",1
"reduced",1
"ref",1
"referenced",1
"reflect",1
"reflected",1
"reflection",1
"reflects",1
"refrain",1
"refuge",1
"refuse",1
"regard",1
"regex",1
"registers",1
"registration",1
"regret",1
"regretful",1
"regrettably",1
"regulate",1
"regulated",1
"regulations",1
"rehash",1
"reidentify",1
"reinforcing",1
"reiterate",1
"reject",1
"rejecting",1
"relate",1
"relating",1
"relation",1
"relations",1
"relative",1
"relatively",1
"released",1
"relevantly",1
"relief",1
"relieve",1
"remain",1
"remained",1
"remark",1
"remarkably",1
"remembering",1
"remind",1
"reminded",1
"reminder",1
"remote",1
"removes",1
"rendering",1
"renowned",1
"rep",1
"rephrase",1
"replaces",1
"replied",1
"report",1
"reporter's",1
"reporters",1
"represent",1
"represented",1
"repress",1
"reproduction",1
"republic",1
"republican",1
"reputation",1
"requested",1
"requisite",1
"requoting",1
"reread",1
"rereading",1
"reservations",1
"reserved",1
"resignedly",1
"resolution",1
"resort",1
"resources",1
"respectable",1
"respectively",1
"responded",1
"responsibility",1
"restore",1
"restrain",1
"restrains",1
"restricted",1
"restrictive",1
"restructures",1
"retrieve",1
"returned",1
"reversed",1
"reversing",1
"revert",1
"reviewed",1
"revisited",1
"rex",1
"rheotoric",1
"riahi",1
"rich",1
"richard",1
"rick",1
"rides",1
"riding",1
"rife",1
"rise",1
"risks",1
"rival",1
"riverbed",1
"riverbeds",1
"robotics",1
"robusto",1
"robusto's",1
"rock",1
"rocks",1
"role",1
"rolls",1
"roman",1
"romantic",1
"rooftop",1
"roommate",1
"routine",1
"rowling",1
"rs",1
"rude",1
"rudeness",1
"rugs",1
"rummage",1
"runner",1
"russell's",1
"russia",1
"ryan",1
"ryes",1
"sabi",1
"sack",1
"sack's",1
"sadly",1
"safely",1
"safire",1
"safire's",1
"sale",1
"salient",1
"sam",1
"san",1
"sandwich",1
"sane",1
"sanitized",1
"sanity",1
"sarcasm",1
"sarcastically",1
"satiation",1
"satirize",1
"satisfaction",1
"satisfactory",1
"satisfy",1
"savannah",1
"savor",1
"sawn",1
"sayin",1
"sb",1
"scale",1
"scandinavian",1
"scarred",1
"scarves",1
"scene",1
"sceptical",1
"sceptics",1
"schedule",1
"schegloff's",1
"scholar",1
"scholars",1
"schoolmarmish",1
"schwa",1
"science",1
"scientists",1
"scolding",1
"score",1
"scot",1
"scratch",1
"screens",1
"screwdriver",1
"scribbling",1
"scriptum",1
"scrutinized",1
"sea",1
"searched",1
"searching",1
"seattle",1
"secret",1
"secreted",1
"secretly",1
"sections",1
"seek",1
"seemed",1
"seeming",1
"segal",1
"seizing",1
"selective",1
"send",1
"sensing",1
"separated",1
"series",1
"serodis",1
"serves",1
"sessions",1
"seventh",1
"shahmpwen",1
"shakespeare's",1
"shallow",1
"shampooing",1
"shan",1
"shares",1
"sharing",1
"shayne",1
"she's",1
"shortcut",1
"shorten",1
"shortened",1
"shorthand",1
"shortsighted",1
"shoulders",1
"showcase",1
"shown",1
"shreevatsar",1
"sibilant",1
"sic'ing",1
"sic'ning",1
"siccing",1
"siccup",1
"sics",1
"sidestepped",1
"sidestepping",1
"sidney",1
"silencer",1
"similarities",1
"similes",1
"simplest",1
"simplicity",1
"simultaneous",1
"simultaneously",1
"sincere",1
"sing",1
"sings",1
"singular",1
"sinn",1
"sir",1
"six",1
"sixth",1
"sized",1
"skill",1
"skipped",1
"skipping",1
"skirt",1
"skirting",1
"slangy",1
"slate",1
"sleepless",1
"sleeps",1
"slender",1
"slighter",1
"slip",1
"slipped",1
"slot",1
"slur",1
"slurred",1
"smacks",1
"smaller",1
"smile",1
"snack",1
"snowing",1
"soft",1
"softening",1
"solicitors",1
"solve",1
"solver",1
"solving",1
"somehow",1
"somerset",1
"song",1
"songs",1
"soothe",1
"sophisticated",1
"sorrow",1
"sorted",1
"sorts",1
"sounded",1
"speaks",1
"special",1
"specialize",1
"species",1
"specification",1
"specify",1
"speculate",1
"spellcheck",1
"spent",1
"spiritual",1
"spoiled",1
"sport",1
"spotted",1
"spouse",1
"spread",1
"spreadsheet",1
"spy",1
"squabble",1
"squiggles",1
"stackoverflow",1
"staffer",1
"stamp",1
"stand",1
"standardization",1
"standards",1
"standpoint",1
"stands",1
"staring",1
"stark",1
"station",1
"statue",1
"status",1
"steam",1
"steering",1
"steganography",1
"stem",1
"stenography",1
"step",1
"stg",1
"stick",1
"stiff",1
"stimulus",1
"stitch",1
"stomach",1
"stood",1
"stopping",1
"stored",1
"storm",1
"stover",1
"straightforward",1
"strained",1
"strangers",1
"stratagem",1
"strategic",1
"strategically",1
"strategies",1
"strategy",1
"streets",1
"stretching",1
"strict",1
"strictly",1
"strings",1
"stripped",1
"strongest",1
"stroop",1
"stroud's",1
"structural",1
"structure",1
"struggle",1
"struve",1
"studied",1
"studies",1
"studio",1
"studiously",1
"stuffed",1
"styles",1
"stylistic",1
"subjects",1
"subjunctive",1
"submission",1
"submit",1
"subservient",1
"substandard",1
"subsumed",1
"subtly",1
"subversion",1
"succeed",1
"success",1
"successful",1
"succession",1
"successive",1
"succinctly",1
"suffer",1
"suffice",1
"sufficent",1
"sufficient",1
"suggesting",1
"summary",1
"sun's",1
"sunshine",1
"superfluous",1
"supervisor",1
"supplier",1
"supporting",1
"suppression",1
"surmise",1
"surname",1
"surprised",1
"surprising",1
"surprisingly",1
"surrounding",1
"surroundings",1
"surveying",1
"survival",1
"suspects",1
"sustaining",1
"svish",1
"swabbed",1
"swed",1
"swept",1
"swift",1
"swimming",1
"swinburne",1
"switch",1
"switcheroo",1
"sword",1
"syllable",1
"symbol",1
"sympathy",1
"table",1
"tabulates",1
"tack",1
"tactic",1
"tactical",1
"tails",1
"takers",1
"talks",1
"tame",1
"tank",1
"tape",1
"tasks",1
"taxes",1
"tbear",1
"teachers",1
"teaches",1
"techniques",1
"technology",1
"ted",1
"tedious",1
"teen",1
"temper",1
"tempered",1
"temporarily",1
"tempted",1
"tempting",1
"ten",1
"tendencies",1
"tendency",1
"tenterhooks",1
"terminology",1
"terrible",1
"tested",1
"texting",1
"textual",1
"tfd",1
"thanked",1
"thanker",1
"thats",1
"theatrical",1
"theme",1
"there'er",1
"there'r",1
"therein",1
"therere",1
"therr",1
"thesis",1
"they've",1
"thoroughly",1
"thoughtful",1
"thralldom",1
"threads",1
"threw",1
"thrive",1
"thx",1
"tickle",1
"tickled",1
"tide",1
"tigers",1
"tilan",1
"tili",1
"timid",1
"tinge",1
"tinged",1
"tire",1
"tires",1
"titillandus",1
"titled",1
"titles",1
"tocayo",1
"tolled",1
"tom",1
"ton",1
"topics",1
"tore",1
"tough",1
"tour",1
"toward",1
"towel",1
"tracking",1
"traction",1
"trademark",1
"trademarked",1
"traffic",1
"train",1
"training",1
"transcribed",1
"translating",1
"translations",1
"translator",1
"transliteration",1
"transmit",1
"transplanting",1
"transport",1
"trapped",1
"travelling",1
"travels",1
"treasury",1
"treating",1
"treatments",1
"trend",1
"trestle",1
"trickorius",1
"tricky",1
"trig",1
"trinitarian",1
"triumphant",1
"trophy",1
"troublesome",1
"troubling",1
"truck",1
"trucks",1
"truly",1
"trump",1
"trumps",1
"truncated",1
"tucker",1
"tuesday",1
"tug",1
"tune",1
"turned",1
"twenty",1
"twice",1
"twin",1
"twitter",1
"txting",1
"typeset",1
"typesetters",1
"typography",1
"typos",1
"u",1
"ubiquitous",1
"ugh",1
"uh",1
"ultimately",1
"ultimatley",1
"umbrella",1
"umpteen",1
"umpteenth",1
"unalloyed",1
"unclosed",1
"unconsconcious",1
"uncouple",1
"undecided",1
"undercut",1
"undergoes",1
"underlines",1
"underneath",1
"underpinning",1
"understates",1
"undertake",1
"undone",1
"unduly",1
"uneasily",1
"uneasy",1
"unfamiliar",1
"unforced",1
"unfordable",1
"unfriendly",1
"ungrammatical",1
"unhappy",1
"unharmed",1
"uniform",1
"unimpeachably",1
"unintelligible",1
"unintroduced",1
"universal",1
"unkindly",1
"unknown",1
"unlucky",1
"unmarked",1
"unmidful",1
"unpopular",1
"unpredictably",1
"unreadable",1
"unreason",1
"unreasonable",1
"unrecognizable",1
"unreeling",1
"unreliable",1
"unscathed",1
"unseasonable",1
"unseen",1
"unsic",1
"unsteady",1
"unstressed",1
"unsubstantiated",1
"unsuitable",1
"untenable",1
"unto",1
"unusual",1
"unwanted",1
"unwarranted",1
"unwilling",1
"updated",1
"upon",1
"upper",1
"upset",1
"upvote",1
"upvoted",1
"upvotes",1
"usability",1
"usable",1
"usefully",1
"usual",1
"utility",1
"utmost",1
"utterance",1
"utterly",1
"uv",1
"v",1
"va",1
"vado",1
"vague",1
"vai",1
"validation",1
"validator",1
"validity",1
"valued",1
"vancouver",1
"variation",1
"varies",1
"varying",1
"vehicle",1
"velvet",1
"vendor",1
"veneer",1
"veracity",1
"verbally",1
"verbosely",1
"verbs",1
"verify",1
"vermillion",1
"vests",1
"viable",1
"victo",1
"victories",1
"video",1
"viewpoint",1
"viewsthe",1
"village's",1
"violated",1
"violation",1
"violations",1
"visited",1
"vocabulary",1
"voiced",1
"voiceless",1
"volunteer",1
"voted",1
"voters",1
"wabi",1
"waffling",1
"wait",1
"wake",1
"walk",1
"walked",1
"walking",1
"walks",1
"walls",1
"wanderful",1
"wang",1
"wanting",1
"war",1
"warned",1
"warship",1
"washing",1
"watching",1
"watercourse",1
"weaponry",1
"wearing",1
"weaving",1
"website",1
"webster's",1
"websters",1
"week",1
"weeks",1
"weightier",1
"weren't",1
"western",1
"wheat",1
"whereby",1
"whilst",1
"whimsy",1
"whiny",1
"whir",1
"whoever",1
"william",1
"willing",1
"wimps",1
"winded",1
"windjana",1
"wishes",1
"withdraw",1
"withhold",1
"withing",1
"witty",1
"wondered",1
"wonderfully",1
"wone",1
"wording",1
"wordnik",1
"workacross",1
"worked",1
"worm",1
"worried",1
"worry",1
"wp",1
"writer's",1
"wynde",1
"yank",1
"yards",1
"yep",1
"yielded",1
"yll",1
"yokohama",1
"yous",1
"yvonneaburrow",1
"zealand",1
"zh",1
"zu",1
